{
  "numTotalTestSuites": 1,
  "numPassedTestSuites": 1,
  "numFailedTestSuites": 0,
  "numPendingTestSuites": 0,
  "numTotalTests": 6,
  "numPassedTests": 6,
  "numFailedTests": 0,
  "numPendingTests": 0,
  "numTodoTests": 0,
  "startTime": 1722005197112,
  "success": true,
  "testResults": [
    {
      "assertionResults": [
        {
          "ancestorTitles": [
            ""
          ],
          "fullName": " App jsx'e ToastContainer eklenmiş",
          "status": "passed",
          "title": "App jsx'e ToastContainer eklenmiş",
          "duration": 39,
          "failureMessages": []
        },
        {
          "ancestorTitles": [
            ""
          ],
          "fullName": " App jsx'e toast css'i eklenmiş",
          "status": "passed",
          "title": "App jsx'e toast css'i eklenmiş",
          "duration": 9,
          "failureMessages": []
        },
        {
          "ancestorTitles": [
            ""
          ],
          "fullName": " Login component'inde toastify success mesajı kullanılmış",
          "status": "passed",
          "title": "Login component'inde toastify success mesajı kullanılmış",
          "duration": 9,
          "failureMessages": []
        },
        {
          "ancestorTitles": [
            ""
          ],
          "fullName": " Login component'inde toastify error mesajı kullanılmış",
          "status": "passed",
          "title": "Login component'inde toastify error mesajı kullanılmış",
          "duration": 7,
          "failureMessages": []
        },
        {
          "ancestorTitles": [
            ""
          ],
          "fullName": " Başarılı girişte \"Merhaba {userName}, tekrar hoş geldin.\" mesajı çıkıyor.",
          "status": "passed",
          "title": "Başarılı girişte \"Merhaba {userName}, tekrar hoş geldin.\" mesajı çıkıyor.",
          "duration": 797,
          "failureMessages": []
        },
        {
          "ancestorTitles": [
            ""
          ],
          "fullName": " Kayıtlı olmayan kullanıcı girişinde \"Girdiğiniz bilgilerle bir kullanıcı bulamadık.\" mesajı çıkıyor.",
          "status": "passed",
          "title": "Kayıtlı olmayan kullanıcı girişinde \"Girdiğiniz bilgilerle bir kullanıcı bulamadık.\" mesajı çıkıyor.",
          "duration": 684,
          "failureMessages": []
        }
      ],
      "startTime": 1722005203980,
      "endTime": 1722005205526,
      "status": "passed",
      "message": "",
      "name": "/home/projects/vitejs-vite-t6mshz/src/__tests__/index.test.jsx"
    }
  ]
}